Category,Observed,Expected,Fold_enrichment,pvalue,FDR
ABA signalling,4620,68.5,67.44,0.0,0.0
Chloroplast / photosynthesis,544,274.0,1.99,1.318243433985423e-22,3.075901345965987e-22
Membrane transport / aquaporin,256,185.0,1.38,0.0005665097103304872,0.0006609279953855685
LEA / dehydrin,22,20.6,1.07,0.8774263322189451,0.8774263322189451
Antioxidant / ROS,81,205.5,0.39,8.192957532417998e-14,1.1470140545385197e-13
Stress response / chaperone,87,274.0,0.32,3.1119645283792576e-24,1.0891875849327403e-23
Cell wall remodelling,50,164.4,0.3,1.4472346303187114e-15,2.532660603057745e-15
