Gene ID,cp_hyd_r1
STRG.1,102740.8125
STRG.2,67074.617188
STRG.3,78936.945312
STRG.4,35052.28125
STRG.5,164191.234375
STRG.6,52004.117188
